,ProjectID,ProjectNam,ProjectMet,Status,Status_Rea,RiverBasin,CU,HUC,County,Ecoregion,GIS_Acres,Shape_STAr,Shape_STLe,BUFF_DIST,ORIG_FID,FREQUENCY,COUNT_ProjectID
13,17,Back Creek,Design-Bid-Build,Inactive,Long Term Mangement,Yadkin,03040105,03040105010050,Mecklenburg,Southern Piedmont,21.1860409,922863.941651,7564.32917559,1.0,14,,
15,19,Bailey Fork (EBX),Full Delivery,Inactive,Long Term Mangement,Catawba,03050101,03050101050050,Burke,Northern Mountains,64.85846714,2825234.82862,30129.4935724,1.0,16,,
22,26,Bear Creek (Phillips Tract),Design-Bid-Build,Inactive,Long Term Mangement,Cape Fear,03030003,03030003070050,Chatham,Central Piedmont,15.70129438,683948.383166,9099.13019857,1.0,23,,
24,28,Beaver Creek,Design-Bid-Build,Inactive,Long Term Mangement,Yadkin,03040101,03040101090030,Surry,Central Piedmont,12.38018307,538634.982799,8570.658578259998,1.0,25,,
25,92164,Beaver Dam-Drowning Creek II (Rankin Tract),Design-Bid-Build,Inactive,Long Term Mangement,Lumber,03040203,03040203010111,Moore,Southern Piedmont,912.30179997,39739866.4066,73182.85124239998,1.0,26,,
37,92209,Bird Island,Design-Bid-Build,Inactive,Long Term Mangement,Lumber,03040207,03040207020120,Brunswick,Southern Outer Coastal Plain,118.84658719,5176902.53112,17507.1745803,1.0,38,,
38,38,Bishop Road (1 mi to CU 05),Design-Bid-Build,Inactive,Long Term Mangement,Tar-Pamlico,03020104,03020104120010,Hyde,Northern Outer Coastal Plain,689.71602306,30044483.0677,57708.7697031,1.0,39,,
42,40,Blue Mitigation Site,Design-Bid-Build,Inactive,Long Term Mangement,Cape Fear,03030004,03030004070050,Moore,Southern Piedmont,176.77458042,7700300.72317,13130.3686298,1.0,43,,
48,439,Bold Run Creek (G),Design-Bid-Build,Inactive,Long Term Mangement,Neuse,03020201,03020201065010,Wake,Central Piedmont,34.93842931,1521863.59013,6145.94301212,1.0,49,,
50,44,Bowman Site,Design-Bid-Build,Inactive,Long Term Mangement,Cape Fear,03030003,03030003020010,Randolph,Central Piedmont,9.8105787,427348.808354,4076.01964156,1.0,51,,
51,47,Briles,Design-Bid-Build,Inactive,Long Term Mangement,Yadkin,03040103,03040103050030,Randolph,Central Piedmont,13.39126445,583323.479331,6232.01031391,1.0,52,,
52,92882,Broad River Greenway,Design-Bid-Build,Inactive,Long Term Mangement,Broad,03050105,03050105010010,Cleveland,Southern Piedmont,997.27612634,43441380.2712,68818.4664633,1.0,53,,
53,92333,Brock,Design-Bid-Build,Inactive,Long Term Mangement,Neuse,03020204,03020204010060,Jones,Southern Outer Coastal Plain,8.06557226,351336.327458,5539.31940758,1.0,54,,
54,49,Brock Mill Pond,Design-Bid-Build,Inactive,Long Term Mangement,Neuse,03020204,03020204010070,Jones,Southern Outer Coastal Plain,110.47725676,4812389.30441,24199.8402028,1.0,55,,
63,97084,Buckwater Mitigation Site,Full Delivery,Active,Active,Neuse,03020201,03020201030030,Orange,Central Piedmont,51.83916477,2258104.98487,29531.5283673,1.0,64,,
67,95009,Burnetts Chapel Buffer Mitigation Site,Full Delivery,Inactive,Long Term Mangement,Cape Fear,03030003,03030003010050,Guilford,Central Piedmont,11.98430154,522036.175207,10505.6945767,1.0,68,,
69,66,Camp Lejeune USMC,Design-Bid-Build,Inactive,Long Term Mangement,White Oak,03030001,03030001020030,Onslow,Southern Outer Coastal Plain,4.29493665,187087.440493,2655.31309385,1.0,70,,
74,92521,Cane Creek (FD),Full Delivery,Inactive,Long Term Mangement,Broad,03050105,03050105060020,Rutherford,Southern Piedmont,44.08080864,1920160.02457,20921.8622326,1.0,75,,
75,92268,Carbonton Dam,Full Delivery,Inactive,Long Term Mangement,Cape Fear,03030003,03030003060010,Moore,Southern Piedmont,5.59973683,243924.536127,2250.70888475,1.0,76,,
76,94719,Carper-Harris Wetland,Design-Bid-Build,Inactive,Long Term Mangement,Pasquotank,03010205,03010205010020,Pasquotank,Northern Outer Coastal Plain,67.80593987,2953626.74065,7951.62880758,1.0,77,,
77,92271,Casey Dairy (G),Full Delivery,Inactive,Long Term Mangement,Neuse,03020202,03020202010040,Wayne,Northern Inner Coastal Plain,72.0078572,3136662.25981,18712.2924411,1.0,78,,
78,92133,Cashie River-IP-Thunderbolt-Baltimore,Design-Bid-Build,Inactive,Long Term Mangement,Roanoke,03010107,03010107160115,Bertie,Northern Outer Coastal Plain,723.98188528,31536650.9227,51989.8765477,1.0,79,,
79,71,Cat Creek,Design-Bid-Build,Inactive,Long Term Mangement,Little Tennessee,06010202,06010202040010,Macon,Southern Mountains,38.92621778,1695626.04661,16259.8294174,1.0,80,,
80,73,Caviness,Design-Bid-Build,Inactive,Long Term Mangement,Cape Fear,03030003,03030003020050,Randolph,Central Piedmont,9.39351675,409181.589806,5573.29807177,1.0,81,,
92,94,Coddle Creek Tributary (Indian Run),Design-Bid-Build,Inactive,Long Term Mangement,Yadkin,03040105,03040105020010,Cabarrus,Southern Piedmont,19.60612259,854041.346126,8014.30112835,1.0,93,,
95,96,Company Swamp,Design-Bid-Build,Inactive,Long Term Mangement,Roanoke,03010107,03010107130020,Bertie,Northern Outer Coastal Plain,1510.10856387,65780329.0423,50183.8116493,1.0,96,,
99,92014,Countyline Creek Mackovic,Design-Bid-Build,Inactive,Long Term Mangement,Roanoke,03010104,03010104032010,Caswell,Central Piedmont,90.12686028,3925926.03374,9387.09978342,1.0,100,,
100,99,Cox Site,Full Delivery,Inactive,Long Term Mangement,Neuse,03020201,03020201150050,Johnston,Northern Inner Coastal Plain,66.59785913,2901002.74387,14282.7010911,1.0,101,,
106,92269,Daniels Farm,Full Delivery,Inactive,Long Term Mangement,Tar-Pamlico,03020101,03020101040070,Franklin,Central Piedmont,33.95281703,1478984.70965,6496.59459463,1.0,107,,
110,110,Deaton,Design-Bid-Build,Inactive,Long Term Mangement,Cape Fear,03030003,03030003020060,Randolph,Central Piedmont,13.62873469,593667.683277,9961.57386136,1.0,111,,
112,92091,Deep River Hanson,Design-Bid-Build,Inactive,Long Term Mangement,Cape Fear,03030003,03030003060080,Chatham,Central Piedmont,111.35237624,4850509.50907,12192.1420253,1.0,113,,
116,117,Dismal Swamp,Design-Bid-Build,Inactive,Long Term Mangement,Pasquotank,03010205,03010205090010,Gates,Northern Outer Coastal Plain,611.57101587,26640033.4513,20919.8505814,1.0,117,,
120,92163,Drowning Creek,Design-Bid-Build,Inactive,Long Term Mangement,Lumber,03040203,03040203010111,Moore,Southern Piedmont,779.66343871,33962090.1319,63395.517932,1.0,121,,
121,92121,Drowning Creek IP Forest Investments,Design-Bid-Build,Inactive,Long Term Mangement,Lumber,03040203,03040203010030,Moore,Southern Piedmont,486.05138049,21172478.2088,30508.8173909,1.0,122,,
123,65,Dula Thorofare at Bishop Site,Design-Bid-Build,Inactive,Long Term Mangement,Yadkin,03040104,03040104061050,Anson,Southern Piedmont,120.01001263,5227636.14995,36246.3333475,1.0,124,,
124,92350,Dula Thorofare at Camp Branch,Design-Bid-Build,Inactive,Long Term Mangement,Yadkin,03040105,03040105081060,Anson,Southern Piedmont,95.82277417,4174040.04302,26199.1093893,1.0,125,,
125,92176,DuPont Forest,Design-Bid-Build,Inactive,Long Term Mangement,French Broad,06010105,06010105010080,Transylvania,Southern Mountains,2221.94247665,96787814.2831,57586.9610533,1.0,126,,
129,121,Dutchman's Creek,Design-Bid-Build,Inactive,Long Term Mangement,Neuse,03020201,03020201110010,Wake,Central Piedmont,84.79773118999998,3693789.1707,10064.9198125,1.0,130,,
137,126,Elk Shoals RFP*,Full Delivery,Inactive,Long Term Mangement,Catawba,03050101,03050101130010,Alexander,Central Piedmont,10.70906291,466486.780575,7615.76055067,1.0,138,,
140,92148,Eno River-Poplar Ridge (Bunting),Design-Bid-Build,Inactive,Long Term Mangement,Neuse,03020201,03020201030030,Orange,Central Piedmont,134.44743329,5856530.19391,14244.6777498,1.0,141,,
141,92246,Eno River Cabe's Ford,Design-Bid-Build,Inactive,Long Term Mangement,Neuse,03020201,03020201030030,Orange,Central Piedmont,87.41929913,3807984.67017,12804.8692683,1.0,142,,
142,92082,Eno River Penny,Design-Bid-Build,Inactive,Long Term Mangement,Neuse,03020201,03020201020040,Durham,Central Piedmont,108.08720248,4708163.66555,10473.0421031,1.0,143,,
143,92147,Eno River Wilderness,Design-Bid-Build,Inactive,Long Term Mangement,Neuse,03020201,03020201030030,Orange,Central Piedmont,808.31163996,35210055.0366,42972.7498551,1.0,144,,
146,135,Fisher River Mit. Bank (Ring FDP),Full Delivery,Inactive,Credit Purchase Complete,Yadkin,03040101,03040101090010,Surry,Central Piedmont,96.381369,4198372.43385,9519.56677684,1.0,147,,
156,92185,Five Mile Branch,Design-Bid-Build,Inactive,Long Term Mangement,Yadkin,03040102,03040102010100,Iredell,Central Piedmont,230.44361355,10037980.1063,27267.8196881,1.0,157,,
179,92152,Great Coharie-TNC,Design-Bid-Build,Inactive,Long Term Mangement,Cape Fear,03030006,03030006090050,Sampson,Southern Inner Coastal Plain,4704.3126942,204919860.959,254640.565239,1.0,180,,
182,95012,Green Valley Farms Site,Full Delivery,Inactive,Long Term Mangement,Cape Fear,03030003,03030003010070,Randolph,Central Piedmont,11.370661,495305.993139,10847.0490249,1.0,183,,
184,153,Gregory,Full Delivery,Inactive,Long Term Mangement,Tar-Pamlico,03020102,03020102050030,Halifax,Northern Inner Coastal Plain,117.66346135,5125420.37652,12396.3319369,1.0,185,,
185,155,Grimesland (Phase II),Design-Bid-Build,Inactive,Long Term Mangement,Tar-Pamlico,03020103,03020103070010,Pitt,Northern Inner Coastal Plain,23.81348661,1037315.47673,5779.76266571,1.0,186,,
186,156,Grimesland Site Phase I,Design-Bid-Build,Inactive,Long Term Mangement,Tar-Pamlico,03020103,03020103070010,Pitt,Northern Inner Coastal Plain,534.92600646,23301378.4414,36298.894181,1.0,187,,
193,433,Harris Farm-HQP,Design-Bid-Build,Inactive,Long Term Mangement,Tar-Pamlico,03020101,03020101040070,Franklin,Central Piedmont,588.77782517,25647162.0645,112579.994053,1.0,194,,
194,719,Haw's Run,Design-Bid-Build,Inactive,Long Term Mangement,Cape Fear,03030007,03030007100020,Pender,Southern Outer Coastal Plain,590.58089294,25725703.6964,31108.1295427,1.0,195,,
195,167,Haw Branch,Full Delivery,Inactive,Long Term Mangement,Cape Fear,03030007,03030007080010,Onslow,Southern Outer Coastal Plain,51.82603822,2257542.22486,11297.6034308,1.0,196,,
196,92150,Haw River-Cone Swamp-Phillips,Design-Bid-Build,Inactive,Long Term Mangement,Cape Fear,03030002,03030002010020,Guilford,Central Piedmont,75.82386724,3302909.26804,10213.6475765,1.0,197,,
197,92149,Haw River-Duke Forest,Design-Bid-Build,Inactive,Long Term Mangement,Cape Fear,03030002,03030002060040,Chatham,Central Piedmont,1227.10042043,53452494.3138,100217.416343,1.0,198,,
199,92238,Haw River Swamp I,Full Delivery,Inactive,Long Term Mangement,Cape Fear,03030002,03030002010020,Rockingham,Central Piedmont,22.00817315,958676.0225350001,9416.95100915,1.0,200,,
201,170,Heath Dairy Road,Design-Bid-Build,Inactive,Long Term Mangement,Yadkin,03040103,03040103050050,Randolph,Central Piedmont,56.79080999,2473859.34051,16347.6719953,1.0,202,,
203,172,Helms,Design-Bid-Build,Inactive,Long Term Mangement,Yadkin,03040105,03040105020050,Rowan,Central Piedmont,9.51219173,414351.071753,4905.98012379,1.0,204,,
204,173,Hendersonville Wetlands,Design-Bid-Build,Inactive,Long Term Mangement,French Broad,06010105,06010105030020,Henderson,Southern Mountains,13.99917094,609805.773457,3457.11031094,1.0,205,,
211,95355,Hofler Property,Full Delivery,Inactive,Long Term Mangement,Chowan,03010203,03010203040040,Gates,Northern Outer Coastal Plain,27.04609508,1178127.90187,4705.86605206,1.0,212,,
221,184,Huskanaw Swamp,Design-Bid-Build,Inactive,Long Term Mangement,Tar-Pamlico,03020103,03020103090010,Martin,Northern Inner Coastal Plain,115.77405961,5043118.03658,10088.9075027,1.0,222,,
228,198,Jones Creek,Full Delivery,Inactive,Long Term Mangement,Yadkin,03040201,03040201020030,Anson,Southern Piedmont,104.09022625,4534170.25551,11947.4869417,1.0,229,,
230,199,Jumping Run Creek,Design-Bid-Build,Inactive,Long Term Mangement,Cape Fear,03030004,03030004090010,Harnett,Southern Inner Coastal Plain,69.20883625,3014736.90708,7453.85753542,1.0,231,,
236,206,Key Branch,Design-Bid-Build,Inactive,Long Term Mangement,Yadkin,03040104,03040104061010,Anson,Southern Piedmont,119.27849052,5195771.0469,12115.709589,1.0,237,,
240,92136,Langley Site-Cypress Creek,Design-Bid-Build,Inactive,Long Term Mangement,Tar-Pamlico,03020101,03020101070010,Franklin,Central Piedmont,40.26504365,1753945.3015,9612.25620263,1.0,241,,
241,92707,Laxon Creek(Racey site),Design-Bid-Build,Inactive,Long Term Mangement,New,05050001,05050001020020,Watauga,Northern Mountains,1.42646336,62136.744091,2347.4400072,1.0,242,,
245,219,Lick Creek,Full Delivery,Inactive,Long Term Mangement,Cape Fear,03030004,03030004010010,Lee,Southern Piedmont,53.86519482,2346367.88656,13414.050575,1.0,246,,
246,92166,Linville River-White Creek,Design-Bid-Build,Inactive,Long Term Mangement,Catawba,03050101,03050101030030,Burke,Northern Mountains,1425.37566527,62089363.9794,56582.2749784,1.0,247,,
250,224,Little Grassy Creek,Design-Bid-Build,Inactive,Long Term Mangement,Roanoke,03010102,03010102161020,Granville,Central Piedmont,84.69195241,3689181.44696,40266.040984,1.0,251,,
251,92651,Little Ivy Creek (Barnhill Site),Design-Bid-Build,Inactive,Long Term Mangement,French Broad,06010105,06010105110020,Madison,Northern Mountains,2.76827986,120586.270561,3098.05161405,1.0,252,,
263,92177,Little Table Rock 1,Design-Bid-Build,Inactive,Long Term Mangement,French Broad,06010108,06010108010020,Mitchell,Northern Mountains,478.20459979,20830592.3669,29592.629403,1.0,264,,
264,92169,Little Table Rock 2,Design-Bid-Build,Inactive,Long Term Mangement,French Broad,06010108,06010108010030,McDowell,Northern Mountains,66.30974743,2888452.5981,13362.9700108,1.0,265,,
271,92168,Lone Mountain 1 -Phase Two,Design-Bid-Build,Inactive,Long Term Mangement,Broad,03050105,03050105060020,McDowell,Northern Mountains,166.62889951,7258354.86276,21158.5411575,1.0,272,,
272,92171,Lone Mountain 2 -Phase Two,Design-Bid-Build,Inactive,Long Term Mangement,Broad,03050105,03050105080010,Rutherford,Southern Piedmont,1095.26455638,47709724.0761,46443.0054981,1.0,273,,
273,92178,Lost Bridge,Design-Bid-Build,Inactive,Long Term Mangement,Little Tennessee,06010202,06010202040030,Macon,Southern Mountains,160.46169572,6989711.46572,11784.0599785,1.0,274,,
275,236,Lowell Mill,Full Delivery,Inactive,Long Term Mangement,Neuse,03020201,03020201180060,Johnston,Northern Inner Coastal Plain,16.59171471,722735.0927339998,7085.07643965,1.0,276,,
277,239,Mallard Creek,Design-Bid-Build,Inactive,Long Term Mangement,Yadkin,03040105,03040105010040,Mecklenburg,Southern Piedmont,10.07817479,439005.294007,5069.80433259,1.0,278,,
281,97087,Martin Dairy Mitigation Site-Option 2,Full Delivery,Inactive,Long Term Mangement,Neuse,03020201,03020201030030,Orange,Central Piedmont,11.15481654,485903.80856,3795.24389993,1.0,282,,
284,718,Mashoe's Road,Design-Bid-Build,Inactive,Long Term Mangement,Pasquotank,03010205,03010205190010,Dare,Northern Outer Coastal Plain,398.80375354,17371891.5043,42266.8539865,1.0,285,,
286,92009,Mayo River & Buffalo Creek Gorrell,Design-Bid-Build,Inactive,Long Term Mangement,Roanoke,03010103,03010103220020,Rockingham,Central Piedmont,78.22637652,3407540.96102,8616.48425302,1.0,287,,
287,92010,Mayo River Grogan,Design-Bid-Build,Inactive,Long Term Mangement,Roanoke,03010103,03010103220020,Rockingham,Central Piedmont,81.31277629999998,3541984.53546,9337.84088307,1.0,288,,
288,92011,Mayo River Hickory Creek Robertson,Design-Bid-Build,Inactive,Long Term Mangement,Roanoke,03010103,03010103220020,Rockingham,Central Piedmont,166.34268593,7245887.398919999,12490.9689233,1.0,289,,
289,443,McCain Property,Design-Bid-Build,Inactive,Long Term Mangement,Yadkin,03040103,03040103050050,Randolph,Central Piedmont,12.86970155,560604.19947,5188.43051722,1.0,290,,
297,92706,Meat Camp Creek (Miller site),Design-Bid-Build,Inactive,Long Term Mangement,New,05050001,05050001020020,Watauga,Northern Mountains,0.71686493,31221.5474816,1325.26656819,1.0,298,,
298,247,Meredell Farm Site,Design-Bid-Build,Inactive,Long Term Mangement,Cape Fear,03030003,03030003020010,Randolph,Central Piedmont,55.3733068,2412061.24405,29440.6334204,1.0,299,,
299,92703,Middle Fork Creek (Phillips/Willis),Design-Bid-Build,Inactive,Long Term Mangement,French Broad,06010105,06010105110020,Madison,Northern Mountains,7.2631847,316397.094147,10692.1946682,1.0,300,,
302,251,Mill Branch,Design-Bid-Build,Inactive,Long Term Mangement,Lumber,03040206,03040206060020,Columbus,Southern Inner Coastal Plain,72.30606946999998,3149652.38619,17650.9258483,1.0,303,,
304,92156,Mingo Tract,Design-Bid-Build,Inactive,Long Term Mangement,Yadkin,03040101,03040101010020,Caldwell,Northern Mountains,5648.31185518,246040464.412,216009.949312,1.0,305,,
305,256,Mocassin Creek (G),Design-Bid-Build,Inactive,Long Term Mangement,Neuse,03020203,03020203010010,Wake,Central Piedmont,83.10924738999998,3620238.81619,10699.062227,1.0,306,,
308,725,Moore Property (G),Design-Bid-Build,Inactive,Long Term Mangement,Neuse,03020201,03020201110070,Johnston,Northern Inner Coastal Plain,84.19971128,3667739.4232,8161.539280369999,1.0,309,,
314,92270,Moye Farm Phase I (G),Full Delivery,Inactive,Long Term Mangement,Neuse,03020203,03020203050040,Greene,Northern Inner Coastal Plain,37.29502262,1624571.18522,13093.5907143,1.0,315,,
317,93482,Mud Lick Creek - Thomas Site,Design-Bid-Build,Active,Active,Cape Fear,03030003,03030003070010,Chatham,Central Piedmont,11.15462072,485893.334972,6290.16611851,1.0,318,,
322,92179,Needmore Tract,Design-Bid-Build,Inactive,Long Term Mangement,Little Tennessee,06010202,06010202060010,Swain,Southern Mountains,4053.85421896,176585948.554,219973.483664,1.0,323,,
324,265,Neu-Con MBI (Marston),Full Delivery,Inactive,Credit Purchase Complete,Neuse,03020204,03020204010040,Jones,Southern Outer Coastal Plain,86.10961134,3750934.66997,11130.9436271,1.0,325,,
325,263,Neu-Con MBI (Nahunta),Full Delivery,Inactive,Credit Purchase Complete,Neuse,03020203,03020203060020,Wayne,Northern Inner Coastal Plain,188.58348715,8214696.70008,30306.1685578,1.0,326,,
328,92173,New River Heights Tract-New River,Design-Bid-Build,Inactive,Long Term Mangement,New,05050001,05050001020070,Ashe,Northern Mountains,109.91313144,4787816.00546,9836.37982674,1.0,329,,
340,628,Norwood Gainey Site (G),Design-Bid-Build,Inactive,Long Term Mangement,Neuse,03020202,03020202010030,Wayne,Northern Inner Coastal Plain,58.38432638,2543221.25692,9079.880610970002,1.0,341,,
341,273,Oakley Crossroads (G),Design-Bid-Build,Inactive,Long Term Mangement,Tar-Pamlico,03020103,03020103090020,Pitt,Northern Inner Coastal Plain,26.61093778,1159200.00404,9620.66256839,1.0,342,,
342,92708,Obids Creek(Wild site),Design-Bid-Build,Inactive,Long Term Mangement,New,05050001,05050001010010,Ashe,Northern Mountains,2.59701524,113119.745074,3684.05396044,1.0,343,,
344,275,Open Springs,Full Delivery,Inactive,Long Term Mangement,Cape Fear,03030003,03030003020020,Randolph,Central Piedmont,15.1435929,659654.906883,10043.2472351,1.0,345,,
351,92607,Plemmons-Kirkpatrick Spring Creek WRC,Design-Bid-Build,Inactive,Long Term Mangement,French Broad,06010105,06010105120010,Madison,Northern Mountains,2.09950832,91454.5824385,1624.46950284,1.0,352,,
352,92549,Plum Creek,Full Delivery,Inactive,Long Term Mangement,Lumber,03040207,03040207020010,Brunswick,Southern Outer Coastal Plain,89.36170631,3892595.92693,8276.31784992,1.0,353,,
353,285,Pott Creek,Full Delivery,Inactive,Long Term Mangement,Catawba,03050102,03050102040020,Lincoln,Southern Piedmont,75.23446198,3277213.16386,11917.7892679,1.0,354,,
358,293,Privateer Farms,Full Delivery,Inactive,Long Term Mangement,Cape Fear,03030005,03030005010020,Cumberland,Southern Inner Coastal Plain,430.00007222,18730803.1458,51775.4928792,1.0,359,,
364,92344,Rhodes Pond,Design-Bid-Build,Inactive,Long Term Mangement,Cape Fear,03030006,03030006010010,Cumberland,Southern Inner Coastal Plain,702.97601762,30621635.3274,42896.556798,1.0,365,,
365,303,Rich Fork FDP (Bodenheimer-Parker),Full Delivery,Inactive,Long Term Mangement,Yadkin,03040103,03040103030030,Davidson,Central Piedmont,26.52542965,1155447.71536,5143.78871187,1.0,366,,
367,308,Rocky Branch,Design-Bid-Build,Inactive,Long Term Mangement,Yadkin,03040102,03040102020030,Yadkin,Central Piedmont,24.09538313,1049594.88896,8103.44601624,1.0,368,,
370,97005,Rough Horn Swamp Restoration Site,Full Delivery,Active,Active,Lumber,03040203,03040203190010,Columbus,Southern Inner Coastal Plain,33.49754786,1459153.18496,7306.93080354,1.0,371,,
372,746,Rowel Branch,Full Delivery,Inactive,Long Term Mangement,Cape Fear,03030005,03030005040010,Brunswick,Southern Outer Coastal Plain,16.46949639,717411.2629,9072.11829017,1.0,373,,
373,92675,SALT (Sandhill Area Land Trust),Design-Bid-Build,Inactive,Long Term Mangement,Cape Fear,03030004,03030004070050,Moore,Southern Piedmont,346.69200127,15101966.1899,21238.9116305,1.0,374,,
377,80,Sandy Creek -- Charles Williams (G),Design-Bid-Build,Inactive,Long Term Mangement,Cape Fear,03030003,03030003020010,Randolph,Central Piedmont,18.00349117,784232.075157,10772.7900627,1.0,378,,
380,92175,Sandymush HQP-Progress Energy,Design-Bid-Build,Inactive,Long Term Mangement,French Broad,06010105,06010105100020,Madison,Northern Mountains,2684.19603037,116923579.083,218256.002117,1.0,381,,
393,92059,Shocco Creek Gupton,Design-Bid-Build,Inactive,Long Term Mangement,Tar-Pamlico,03020102,03020102010040,Franklin,Central Piedmont,179.94926968,7838590.187409999,18373.8100502,1.0,394,,
396,336,Silver Creek,Full Delivery,Inactive,Long Term Mangement,Catawba,03050101,03050101050050,Burke,Northern Mountains,31.7624713,1383577.73667,18234.5095406,1.0,397,,
401,340,Sleepy Creek,Full Delivery,Inactive,Long Term Mangement,Neuse,03020202,03020202030030,Lenoir,Southern Inner Coastal Plain,115.59940531,5035510.09537,10670.8801902,1.0,402,,
402,95017,Sliver Moon Non-Riparian Wetland Mitigation Site,Full Delivery,Inactive,Long Term Mangement,Neuse,03020202,03020202080010,Craven,Southern Outer Coastal Plain,17.08217208,744099.415994,3698.8605957,1.0,403,,
403,343,Smith/Austin Creek (G),Design-Bid-Build,Inactive,Long Term Mangement,Neuse,03020201,03020201070070,Wake,Central Piedmont,36.75637428,1601107.66377,21056.6845092,1.0,404,,
406,346,South Fork,Full Delivery,Inactive,Long Term Mangement,Catawba,03050102,03050102040010,Catawba,Central Piedmont,67.79676616,2953227.13403,21952.4743434,1.0,407,,
407,92701,South Fork Big Pine Creek(Charles/McGinnis),Design-Bid-Build,Inactive,Long Term Mangement,French Broad,06010105,06010105100040,Madison,Northern Mountains,1.09704686,47787.3612476,2359.50014926,1.0,408,,
408,347,South Fork Hopper,Full Delivery,Inactive,Long Term Mangement,Catawba,03050101,03050101040020,McDowell,Northern Mountains,33.45450896,1457278.41024,12166.2113026,1.0,409,,
412,354,Spring Valley Park,Design-Bid-Build,Inactive,Long Term Mangement,Cape Fear,03030002,03030002020050,Guilford,Central Piedmont,3.39379942,147833.902881,3466.14939173,1.0,413,,
417,360,Starmount Forest CC,Design-Bid-Build,Inactive,Long Term Mangement,Cape Fear,03030002,03030002020040,Guilford,Central Piedmont,7.79750449,339659.295614,14788.1314067,1.0,418,,
418,92145,Stevens Tract-Eno River,Design-Bid-Build,Inactive,Long Term Mangement,Neuse,03020201,03020201030050,Durham,Central Piedmont,70.54970703,3073318.95248,8056.89219611,1.0,419,,
420,364,Stone Mountain,Design-Bid-Build,Inactive,Long Term Mangement,Yadkin,03040101,03040101060030,Wilkes,Northern Mountains,49.94382789,2175553.14304,17084.8741002,1.0,421,,
421,365,Stonebridge,Full Delivery,Inactive,Long Term Mangement,Cape Fear,03030003,03030003060020,Moore,Southern Piedmont,16.25338737,707997.553773,9614.92983648,1.0,422,,
427,370,Suther,Design-Bid-Build,Inactive,Long Term Mangement,Yadkin,03040105,03040105020050,Cabarrus,Southern Piedmont,67.47071004,2939024.12915,22744.3149282,1.0,428,,
447,134,Terrible Creek Buffer (Fish Property) (G),Design-Bid-Build,Inactive,Long Term Mangement,Neuse,03020201,03020201120010,Wake,Central Piedmont,48.46194689,2111002.40645,13623.028145,1.0,448,,
448,94801,PRMUSACE - The Cliffs at Walnut Cove,Design-Bid-Build,Inactive,Long Term Mangement,French Broad,06010105,06010105010010,Buncombe,Southern Mountains,19.42950643,846349.300176,26161.1566101,1.0,449,,
452,379,Tick Creek (Condoret Tract),Design-Bid-Build,Inactive,Long Term Mangement,Cape Fear,03030003,03030003070020,Chatham,Central Piedmont,29.36420339,1279069.92138,10860.988528,1.0,453,,
472,92719,UT to Bear Creek (Phillips),Design-Bid-Build,Inactive,Long Term Mangement,Cape Fear,03030003,03030003070050,Chatham,Central Piedmont,11.90751285,518691.25972,8578.890429979998,1.0,473,,
482,92345,UT to Jumping Run Creek,Design-Bid-Build,Inactive,Long Term Mangement,Cape Fear,03030004,03030004090010,Cumberland,Southern Inner Coastal Plain,225.30521199,9814297.61685,27411.0045557,1.0,483,,
483,92705,Ut to Laxon Creek (Carp site),Design-Bid-Build,Inactive,Long Term Mangement,New,05050001,05050001020020,Watauga,Northern Mountains,0.67449754,29381.113029,994.940161156,1.0,484,,
484,290,UT to Lilliput Creek (Hog Branch Ponds),Design-Bid-Build,Inactive,Long Term Mangement,Cape Fear,03030005,03030005070010,Brunswick,Southern Outer Coastal Plain,516.74381111,22509467.6238,30241.7229906,1.0,485,,
485,314,UT to Little Coharie Creek (Roseboro Site),Design-Bid-Build,Inactive,Long Term Mangement,Cape Fear,03030006,03030006080030,Sampson,Southern Inner Coastal Plain,5.28028133,230034.727146,5159.47798335,1.0,486,,
490,92704,Ut to Peak Creek (Bare site),Design-Bid-Build,Inactive,Long Term Mangement,New,05050001,05050001010010,Ashe,Northern Mountains,3.0241517,131732.048135,4450.84091092,1.0,491,,
491,402,UT to Rocky River (Smith Tract),Design-Bid-Build,Inactive,Long Term Mangement,Cape Fear,03030003,03030003070020,Chatham,Central Piedmont,9.09386932,396128.947401,5258.29976644,1.0,492,,
492,403,UT to Sandy Creek (Williams Tract),Design-Bid-Build,Inactive,Long Term Mangement,Cape Fear,03030003,03030003020010,Randolph,Central Piedmont,9.96127353,433913.074811,5807.18465125,1.0,493,,
501,407,Valleyfields Farm,Design-Bid-Build,Active,Active,Yadkin,03040103,03040103030030,Davidson,Central Piedmont,96.99584372,4225138.95246,37018.8199079,1.0,502,,
505,92103,Wallace Deer Club Tract 3-5,Design-Bid-Build,Inactive,Long Term Mangement,Cape Fear,03030007,03030007100040,Pender,Southern Outer Coastal Plain,205.18704263,8937947.57691,18914.8842955,1.0,506,,
506,410,Walnut Creek (Buffer) (G),Full Delivery,Inactive,Long Term Mangement,Neuse,03020202,03020202010040,Wayne,Northern Inner Coastal Plain,27.8912373,1214942.29695,11561.7436375,1.0,507,,
508,413,Watts Property,Design-Bid-Build,Inactive,Long Term Mangement,Pasquotank,03010205,03010205060020,Perquimans,Northern Outer Coastal Plain,48.09188142,2095004.49173,6738.95740107,1.0,509,,
512,92153,Wells Tract; Cape Fear River,Design-Bid-Build,Inactive,Long Term Mangement,Cape Fear,03030007,03030007100010,Pender,Southern Outer Coastal Plain,100.74603454,4388723.1717,9907.65603997,1.0,513,,
514,93861,White Pines Hearn,Design-Bid-Build,Inactive,Long Term Mangement,Cape Fear,03030003,03030003070060,Lee,Southern Piedmont,122.83202361,5350562.94837,13456.500307,1.0,515,,
522,92606,WRC Bowlin-Peak Creek,Design-Bid-Build,Inactive,Long Term Mangement,New,05050001,05050001020050,Ashe,Northern Mountains,3.06624127,133565.469908,5209.84796148,1.0,523,,
526,97083,Lochill Farm Stream Mitigation Project,Full Delivery,Active,Active,Neuse,03020201,03020201030030,Orange,Central Piedmont,15.87708447,691605.799658,11013.548893,1.0,527,,
528,25,Bear Creek,Full Delivery,Inactive,Credit Purchase Complete,Neuse,03020202,03020202030030,Lenoir,Southern Inner Coastal Plain,197.82869447,8617417.93131,24672.018945,1.0,529,,
531,168,Haw River Swamp II,Full Delivery,Inactive,Long Term Mangement,Cape Fear,03030002,03030002010020,Rockingham,Central Piedmont,20.75689164,904170.1999590001,4491.49814476,1.0,532,,
533,97085,Stony Fork Restoration Site,Full Delivery,Active,Active,Neuse,03020201,03020201150010,Johnston,Northern Inner Coastal Plain,24.3893923,1062397.67882,12440.9622955,1.0,534,,
539,100015,Major Hill Stream & Wetland Mitigation Site,Full Delivery,Active,Active,Cape Fear,03030002,03030002050050,Alamance,Central Piedmont,16.65945347,725682.8902829998,10313.5669731,1.0,540,,
542,94803,Basket Creek Gorham,Design-Bid-Build,Active,Active,Tar-Pamlico,03020101,03020101010010,Nash,Northern Inner Coastal Plain,6.52446248,284204.448625,3850.83210705,1.0,543,,
543,100057,Phantom Mill,Full Delivery,Active,Active,Cape Fear,03030002,03030002050050,Alamance,Central Piedmont,16.14188151,703140.358768,8901.55586965,1.0,544,,
544,100014,Heron Stream & Wetland Mitigation Site,Full Delivery,Active,Active,Cape Fear,03030002,03030002050050,Alamance,Central Piedmont,17.64503947,768614.8450009999,13700.8828538,1.0,545,,
546,100020,Whittier Creek,Full Delivery,Active,Active,Yadkin,03040101,03040101110040,Surry,Central Piedmont,6.96799298,303524.560197,6374.58245648,1.0,547,,
547,92127,Melrose Mountain Tobey,Design-Bid-Build,Inactive,Long Term Mangement,Broad,03050105,03050105150010,Polk,Southern Piedmont,318.31899369,13865967.1737,29877.4208811,1.0,548,,
549,92273,McCotter-Raines (G),Full Delivery,Inactive,Long Term Mangement,Neuse,03020204,03020204010051,Jones,Southern Outer Coastal Plain,36.26835415,1579843.18748,6388.05653561,1.0,550,,
550,100022,Catbird Site,Full Delivery,Active,Active,Yadkin,03040101,03040101160010,Davie,Central Piedmont,6.33081581,275769.233409,4567.98620949,1.0,551,,
552,100061,Arabia Bay,Full Delivery,Active,Active,Cape Fear,03030004,03030004150011,Hoke,Southern Inner Coastal Plain,16.07953824,700421.884199,3083.54575521,1.0,553,,
553,100044,Barefoot Project,Full Delivery,Active,Active,Neuse,03020201,03020201150040,Sampson,Southern Inner Coastal Plain,33.28695024,1449973.75274,6017.88532733,1.0,554,,
554,100058,Slingshot,Full Delivery,Active,Active,Cape Fear,03030002,03030002010010,Rockingham,Central Piedmont,11.63281682,506723.473972,8102.31730308,1.0,555,,
556,100054,Bear Swamp Stream & Wetland Site,Full Delivery,Active,Active,Lumber,03040203,03040203050010,Robeson,Southern Inner Coastal Plain,15.24861608,664229.716491,7062.91207928,1.0,557,,
557,100055,Shaw's Run Stream & Wetland Site,Full Delivery,Active,Active,Lumber,03040203,03040203191010,Columbus,Southern Inner Coastal Plain,9.44059356,411230.610581,5403.54157432,1.0,558,,
558,100039,Catfish Pond Mitigation Site,Full Delivery,Active,Active,Neuse,03020201,03020201020040,Durham,Central Piedmont,20.72145978,902623.177443,13803.1137464,1.0,559,,
560,100053,Rough Horn Swamp II Restoration Site,Full Delivery,Active,Active,Lumber,03040203,03040203191010,Columbus,Southern Inner Coastal Plain,62.33354654,2715238.42636,15500.879208,1.0,561,,
561,100048,Alexander Farm,Full Delivery,Active,Active,Catawba,03050101,03050101130010,Alexander,Central Piedmont,21.98379117,957610.112821,12842.6637606,1.0,562,,
562,100043,Matthew Project,Full Delivery,Active,Active,Neuse,03020201,03020201150020,Johnston,Northern Inner Coastal Plain,19.18998563,835912.4305549999,5201.46824664,1.0,563,,
563,97081,Lake Wendell Mitigation Project,Full Delivery,Inactive,Long Term Mangement,Neuse,03020201,03020201180050,Johnston,Northern Inner Coastal Plain,11.96745144,521302.184915,8045.64971493,1.0,564,,
564,100060,Sandy Branch,Full Delivery,Active,Active,Cape Fear,03030003,03030003070050,Chatham,Central Piedmont,18.09999993,788435.997126,6032.96312536,1.0,565,,
565,97079,Pen Dell Mitigation Project,Full Delivery,Inactive,Long Term Mangement,Neuse,03020201,03020201180050,Johnston,Northern Inner Coastal Plain,15.95058713,694804.796347,10908.9890535,1.0,566,,
566,100063,Apple Valley Project,Full Delivery,Active,Active,French Broad,06010105,06010105010040,Henderson,Southern Mountains,6.41707724,279527.884686,2845.81830135,1.0,567,,
567,100066,Round Hill Branch Restoration Site,Full Delivery,Active,Active,French Broad,06010105,06010105090020,Buncombe,Southern Mountains,4.23539636,184493.865595,4332.58047521,1.0,568,,
568,100082,Double H Farms Mitigation Site,Full Delivery,Active,Active,New,05050001,05050001030020,Alleghany,Northern Mountains,21.17099891,922208.713281,16857.3244072,1.0,569,,
569,100107,Mangum Homestead,Full Delivery,Inactive,Long Term Mangement,Cape Fear,03030002,03030002060110,Orange,Central Piedmont,19.88355597,866127.697897,8113.3048494,1.0,570,,
570,100085,Lyon Hills Mitigation Site,Full Delivery,Active,Active,Yadkin,03040101,03040101060030,Wilkes,Northern Mountains,20.71966881,902548.77339,17649.6496542,1.0,571,,
571,100047,Blair Creek,Full Delivery,Active,Active,Hiwassee,06020002,06020002060010,Clay,Southern Mountains,10.02742263,436794.529605,7988.737375009999,1.0,572,,
572,100083,Honey Mill Mitigation Site,Full Delivery,Active,Active,Yadkin,03040101,03040101010020,Surry,Central Piedmont,20.32497569,885355.9408739998,14555.3893587,1.0,573,,
573,100042,Buffalo Creek Tributaries Mitigation Project,Full Delivery,Active,Active,Neuse,03020201,03020201180050,Johnston,Northern Inner Coastal Plain,17.12287878,745872.5994639999,9983.48280423,1.0,574,,
574,100118,Pond Haven,Full Delivery,Active,Active,Tar-Pamlico,03020101,03020101010060,Granville,Central Piedmont,17.48354979,761583.428882,8158.301759709999,1.0,575,,
575,100109,Bucky's Branch,Full Delivery,Active,Active,Cape Fear,03030003,03030003010060,Randolph,Central Piedmont,6.17467168,268968.698595,2341.49454981,1.0,576,,
576,100111,Green Valley II,Full Delivery,Inactive,Long Term Mangement,Cape Fear,03030003,03030003010070,Randolph,Central Piedmont,7.19019844,313205.044076,5757.57569991,1.0,577,,
577,100110,Rhapsody,Full Delivery,Inactive,Long Term Mangement,Cape Fear,03030003,03030003010060,Randolph,Central Piedmont,7.75379308,337755.226749,4530.14751948,1.0,578,,
578,100119,Boseman,Full Delivery,Inactive,Long Term Mangement,Tar-Pamlico,03020101,03020101120030,Edgecombe,Central Piedmont,14.91940624,649889.335784,6942.88789852,1.0,579,,
579,100108,Bohemian,Full Delivery,Inactive,Long Term Mangement,Cape Fear,03030003,03030003010050,Randolph,Central Piedmont,22.7814308,992359.125694,15089.8575615,1.0,580,,
580,100038,McClenny Acres Mitigation Site,Full Delivery,Active,Active,Neuse,03020201,03020201200030,Wayne,Northern Inner Coastal Plain,54.24292452,2362821.79194,16545.0240256,1.0,581,,
581,100064,Owen Farms Stream and Wetland Mitigation Site,Full Delivery,Active,Active,French Broad,06010105,06010105010020,Transylvania,Southern Mountains,25.19019488,1097284.88911,15212.8672627,1.0,582,,
582,100077,Sliver Moon II NRW Mitigation Site,Full Delivery,Active,Active,Neuse,03020202,03020202080010,Craven,Southern Outer Coastal Plain,30.88946218,1345544.97254,7038.42386665,1.0,583,,
583,100084,Bug Headwaters Mitigation Site,Full Delivery,Active,Active,Yadkin,03040101,03040101070010,Wilkes,Northern Mountains,22.7937373,992895.19696,16180.5080079,1.0,584,,
584,100092,Brahma Site,Full Delivery,Active,Active,Cape Fear,03030002,03030002050050,Alamance,Central Piedmont,22.68820896,988298.382458,13665.9838698,1.0,585,,
585,100027,Little Sebastian Site,Full Delivery,Active,Active,Yadkin,03040101,03040101080020,Surry,Central Piedmont,25.77124886,1122595.60046,17303.0551711,1.0,586,,
586,100121,Nesbit Site,Full Delivery,Active,Active,Catawba,03050103,03050103030030,Union,Southern Piedmont,18.00559967,784323.9216259999,10701.587787,1.0,587,,
587,100080,Banner Branch Mitigation Project,Full Delivery,Active,Active,Roanoke,03010103,03010103180010,Stokes,Central Piedmont,40.95429778,1783969.21128,26573.7236003,1.0,588,,
588,194,Jacksonville Country Club,Design-Bid-Build,Active,Active,White Oak,03030001,03030001020010,Onslow,Southern Outer Coastal Plain,9.25666458,403220.309264,9363.32532205,1.0,589,,
589,100068,UT to Rush Fork Stream Mitigation Project,Full Delivery,Active,Active,French Broad,06010106,06010106020010,Haywood,Southern Mountains,8.21089324,357666.509499,8634.57595673,1.0,590,,
590,100112,White Mitigation Project,Full Delivery,Active,Active,Cape Fear,03030003,03030003010060,Randolph,Central Piedmont,12.1816148,530631.140807,6510.806819,1.0,591,,
591,100093,Perry Hill Site,Full Delivery,Active,Active,Neuse,03020201,03020201030020,Orange,Central Piedmont,26.87587534,1170713.12992,11276.8651313,1.0,592,,
592,100113,Eight-Point,Full Delivery,Active,Active,Cape Fear,03030003,03030003010050,Guilford,Central Piedmont,5.6641108,246728.66664,2070.41483424,1.0,593,,
593,100076,Hornpipe Branch Tributaries,Full Delivery,Active,Active,Neuse,03020202,03020202050010,Lenoir,Southern Inner Coastal Plain,23.4261142,1020441.53438,9795.15925018,1.0,594,,
594,100090,Carpenter Bottom,Full Delivery,Active,Active,Catawba,03050102,03050102050020,Gaston,Southern Piedmont,18.01842391,784882.545684,7690.20259086,1.0,595,,
595,100122,Laurel Springs,Full Delivery,Active,Active,French Broad,06010108,06010108010020,Avery,Northern Mountains,29.18469906,1271285.49105,10743.3929982,1.0,596,,
596,100094,Strawberry Hill Project,Full Delivery,Active,Active,Neuse,03020201,03020201140010,Johnston,Northern Inner Coastal Plain,22.11528209,963337.8346220001,13212.4042341,1.0,597,,
597,100095,Cowford Project,Full Delivery,Active,Active,White Oak,03030001,03030001010010,Onslow,Southern Outer Coastal Plain,17.19715056,749107.878461,7232.69340164,1.0,598,,
598,100136,Yarbro Site,Full Delivery,Active,Active,Broad,03050105,03050105100010,Lincoln,Southern Piedmont,33.05586307,1439913.39527,17255.4253525,1.0,599,,
599,100139,Pierce Terrace,Full Delivery,Active,Active,Chowan,03010203,03010203040040,Gates,Northern Outer Coastal Plain,125.72761236,5476694.79444,19389.2789481,1.0,600,,
600,100125,Dynamite Creek,Full Delivery,Active,Active,Roanoke,03010103,03010103230040,Rockingham,Central Piedmont,22.91768614,998294.408123,9400.55620767,1.0,601,,
601,92218,Silver Creek-Conway,Full Delivery,Inactive,Long Term Mangement,Catawba,03050101,03050101050050,Burke,Northern Mountains,9.16270215,399127.305794,8650.878222769998,1.0,602,,
602,92134,Roanoke River-IP-Blue Sky Timber Tract 42-14,Design-Bid-Build,Inactive,Long Term Mangement,Roanoke,03010107,03010107100020,Halifax,Northern Inner Coastal Plain,583.46737333,25415838.782,92640.7083917,1.0,603,,
603,100059,Hip Bone Creek,Full Delivery,Active,Active,Cape Fear,03030003,03030003070020,Chatham,Central Piedmont,18.68497517,813917.518582,12649.637921,1.0,604,,
604,92154,Wallace Deer Club (Blanchard Tract),Design-Bid-Build,Inactive,Long Term Mangement,Cape Fear,03030007,03030007100040,Pender,Southern Outer Coastal Plain,1349.08741341,58766247.728,39323.5913273,1.0,605,,
607,92158,Len's Knob & Little Mountain,Design-Bid-Build,Inactive,Long Term Mangement,Yadkin,03040101,03040101080010,Surry,Central Piedmont,2149.14104938,93616584.1111,118675.847461,1.0,608,,
608,100137,Bull Chute Site,Full Delivery,Active,Active,Yadkin,03040103,03040103050040,Randolph,Central Piedmont,31.73993084,1382591.38757,17619.3299672,1.0,609,,
609,100123,Huntsman Site,Full Delivery,Active,Active,Yadkin,03040102,03040102020030,Wilkes,Northern Mountains,18.43776367,803148.9853199999,10636.9328369,1.0,610,,
610,100135,Liberty Rock,Full Delivery,Active,Active,Cape Fear,03030003,03030003070010,Randolph,Central Piedmont,41.11660952,1791039.5108,7481.55056704,1.0,611,,
611,100165,Crane,Full Delivery,Active,Active,Cape Fear,03030004,03030004070010,Lee,Southern Piedmont,27.66103854,1204914.8389,7526.83831943,1.0,612,,
612,100138,Cross Creek Ranch Site,Full Delivery,Active,Active,Yadkin,03040104,03040104020020,Montgomery,Southern Piedmont,63.9300348,2784792.31593,28561.1186394,1.0,613,,
613,100141,Big Branch Site,Full Delivery,Active,Active,Catawba,03050101,03050101130010,Alexander,Central Piedmont,38.64456302,1683357.16521,22026.8651757,1.0,614,,
614,92210,Blounts Creek,Full Delivery,Inactive,Long Term Mangement,Cape Fear,03030004,03030004100050,Cumberland,Southern Inner Coastal Plain,27.48505419,1197248.96059,17351.9805816,1.0,615,,
615,751,Jenny's Gut (Perquimans County High School),Design-Bid-Build,Active,Active,Pasquotank,03010205,03010205090020,Perquimans,Northern Outer Coastal Plain,9.63918206,419882.77069,5828.78424291,1.0,616,,
616,100140,Laurel Valley Site,Full Delivery,Active,Active,Catawba,03050101,03050101060050,Burke,Northern Mountains,14.17056723,617269.90837,9104.96403121,1.0,617,,
617,100166,Cool Springs,Full Delivery,Active,Active,Cape Fear,03030004,03030004010030,Harnett,Southern Inner Coastal Plain,21.12253491,920097.6205810001,14107.0665612,1.0,618,,
618,100019,Warren Wilson College,Full Delivery,Active,Active,French Broad,06010105,06010105070030,Buncombe,Southern Mountains,25.28671272,1101489.20592,24435.0426132,1.0,619,,
619,100067,Wyant Lands Mitigation Site,Full Delivery,Active,Active,Catawba,03050102,03050102040020,Lincoln,Southern Piedmont,41.31152071,1799529.85184,15669.5576764,1.0,620,,
620,100164,Wits End,Full Delivery,Active,Active,Yadkin,03040105,03040105081020,Union,Southern Piedmont,71.75480543,3125639.44929,19921.2907238,1.0,621,,
621,100595,Wyant Lands: Phase II - Project Expansion,Full Delivery,Active,Active,Catawba,03050102,03050102040020,Lincoln,Southern Piedmont,5.96578567,259869.623802,2277.70657679,1.0,622,,
622,100189,Maple Swamp Buffer,Full Delivery,Active,Active,Tar-Pamlico,03020102,03020102060010,Edgecombe,Northern Inner Coastal Plain,8.12658472,353994.030599,4254.08008318,1.0,623,,
623,100180,Anderson Farm,Full Delivery,Active,Active,Neuse,03020201,03020201170040,Wayne,Northern Inner Coastal Plain,12.1496777,529239.960705,6237.88821554,1.0,624,,
624,100185,Thunder,Full Delivery,Active,Active,Neuse,03020201,03020201170030,Wayne,Northern Inner Coastal Plain,41.78326864,1820002.48266,13273.3661,1.0,625,,
625,100190,Maple Swamp Wetland,Full Delivery,Active,Active,Tar-Pamlico,03020102,03020102060010,Edgecombe,Northern Inner Coastal Plain,15.34411149,668389.496475,4424.52152778,1.0,626,,
629,100041,Odell's House Mitigation Project,Full Delivery,Active,Active,Neuse,03020201,03020201180050,Johnston,Northern Inner Coastal Plain,15.09084062,657357.01756,9442.42030082,1.0,630,,
630,100069,Monkey Wall Project,Full Delivery,Active,Active,French Broad,06010108,06010108060010,Mitchell,Northern Mountains,25.28359335,1101387.82462,5019.15219662,1.0,631,,
631,100142,Cool Run,Full Delivery,Active,Active,Lumber,03040207,03040207020060,Brunswick,Southern Outer Coastal Plain,25.56976821,1113819.1032,5626.05672296,1.0,632,,
632,100128,Dales Creek Site,Full Delivery,Active,Active,French Broad,06010105,06010105090020,Buncombe,Southern Mountains,7.68134235,334599.272693,7320.60783792,1.0,633,,
633,100120,Oak Hill Dairy Site,Full Delivery,Active,Active,Catawba,03050102,03050102050010,Gaston,Southern Piedmont,19.93630171,868425.3025099998,8537.0039885,1.0,634,,
634,100115,Swamp Grape,Full Delivery,Active,Active,Lumber,03040204,03040204048010,Robeson,Southern Piedmont,24.68247907,1075168.78809,7743.9750665,1.0,635,,
635,100114,Longhorn,Full Delivery,Inactive,Long Term Mangement,Cape Fear,03030003,03030003010060,Randolph,Central Piedmont,20.71345964,902278.301743,4939.14245422,1.0,636,,
636,100170,Six Runs,Full Delivery,Active,Active,Cape Fear,03030006,03030006110010,Sampson,Southern Inner Coastal Plain,30.94008383,1347750.05173,14426.940038,1.0,637,,
637,100191,Colonial Farms,Full Delivery,Active,Active,Tar-Pamlico,03020103,03020103010020,Edgecombe,Northern Inner Coastal Plain,21.81754992,950379.035771,4078.23057189,1.0,638,,
640,100181,Thunder Swamp,Full Delivery,Active,Active,Neuse,03020201,03020201170030,Wayne,Northern Inner Coastal Plain,13.34227158,581189.350026,4559.74849197,1.0,641,,
641,100171,Bridgefork Dairy,Full Delivery,Active,Active,Broad,03050105,03050105100020,Cleveland,Southern Piedmont,42.9208959,1869634.22561,23676.1930957,1.0,642,,
642,100182,Little River Ford,Full Delivery,Active,Active,Neuse,03020201,03020201180060,Johnston,Northern Inner Coastal Plain,9.83492285,428409.239219,6776.75813102,1.0,643,,
643,100186,Carraway Bluff,Full Delivery,Active,Active,Neuse,03020201,03020201170060,Wayne,Northern Inner Coastal Plain,25.34338833,1103957.99565,16188.0761587,1.0,644,,
644,100127,Morgan Branch Site,Full Delivery,Active,Active,French Broad,06010105,06010105090020,Buncombe,Southern Mountains,38.2475989,1666065.4082,41348.2963395,1.0,645,,
645,100175,Cornbread Valley,Full Delivery,Active,Active,Little Tennessee,06010202,06010202020030,Macon,Southern Mountains,18.3731694,800335.259131,18551.4771257,1.0,646,,
646,100193,Stinking Quarter,Full Delivery,Active,Active,Cape Fear,03030002,03030002040070,Guilford,Central Piedmont,107.57890543,4686137.12038,44544.5458303,1.0,647,,
647,100176,Kingfield,Full Delivery,Active,Active,Neuse,03020204,03020204010071,Jones,Southern Outer Coastal Plain,8.59278557,374301.739244,6349.54825725,1.0,648,,
648,100183,Coor Island,Full Delivery,Active,Active,Neuse,03020201,03020201200030,Wayne,Northern Inner Coastal Plain,11.52000736,501811.520591,5675.44267477,1.0,649,,
649,100062,Banner Farm Mitigation Site,Full Delivery,Active,Active,French Broad,06010105,06010105020010,Henderson,Southern Mountains,46.56013526,2028159.49178,15400.0550984,1.0,650,,
650,100206,Oakley's Bend,Full Delivery,Active,Active,Tar-Pamlico,03020101,03020101010020,Person,Central Piedmont,47.38674807,2064166.74608,12750.6595964,1.0,651,,
651,100210,Running Dog,Full Delivery,Active,Active,Yadkin,03040105,03040105030020,Union,Southern Piedmont,15.77720638,687255.109964,10003.4218586,1.0,652,,
652,100188,Wicomico,Full Delivery,Active,Active,Tar-Pamlico,03020103,03020103010010,Edgecombe,Northern Inner Coastal Plain,4.35770737,189821.732901,4128.14664211,1.0,653,,
654,97080,Edwards-Johnson Mitigation Project,Full Delivery,Inactive,Long Term Mangement,Neuse,03020201,03020201180050,Johnston,Northern Inner Coastal Plain,10.96328529,477558.796936,6818.69041962,1.0,655,,
655,100081,UT to Magness Creek,Full Delivery,Active,Active,Broad,03050105,03050105080060,Cleveland,Southern Piedmont,11.66355769,506834.771153,6441.92972227,1.0,656,,
656,100196,Cow Branch,Full Delivery,Active,Active,Lumber,03040206,03040206060010,Columbus,Southern Inner Coastal Plain,34.39862789,1498404.23081,7430.067169719999,1.0,657,,
657,100178,Sassafras,Full Delivery,Active,Active,Neuse,03020201,03020201200030,Wayne,Northern Inner Coastal Plain,12.57681298,547845.97358,9905.83811978,1.0,658,,
658,100204,Haunted Creek,Full Delivery,Active,Active,Little Tennessee,06010202,06010202040040,Macon,Southern Mountains,12.79455175,557330.674016,4755.00832349,1.0,659,,
659,100594,Bandys Farm,Full Delivery,Active,Active,Catawba,03050101,03050101150030,Catawba,Central Piedmont,31.89406427,1389305.43958,15705.2810779,1.0,660,,
661,92762,Clarks Creek,Full Delivery,Active,Active,Yadkin,03040104,03040104020020,Montgomery,Southern Piedmont,24.90422827,1077219.17378,17731.7483951,1.0,662,,
664,100184,Pickle Creek,Full Delivery,Active,Active,Neuse,03020201,03020201170030,Wayne,Northern Inner Coastal Plain,18.08022998,787574.8179079999,12116.6058711,1.0,665,,
665,100179,Chappels Creek,Full Delivery,Active,Active,Neuse,03020201,03020201010010,Person,Central Piedmont,49.2551558,2145554.58646,18488.2526578,1.0,666,,
666,100192,Mushroom Meadow,Full Delivery,Active,Active,Roanoke,03010104,03010104021080,Caswell,Central Piedmont,32.36473204,1409807.72788,10360.4543821,1.0,667,,
667,100650,Coor Island Phase B,Full Delivery,Active,Active,Neuse,03020201,03020201200030,Wayne,Northern Inner Coastal Plain,17.79857606,775305.972983,10247.6351272,1.0,668,,
668,100593,Love Cats,Full Delivery,Active,Active,Catawba,03050102,03050102050010,Lincoln,Southern Piedmont,25.0730834,1092183.51285,12038.8230755,1.0,669,,
670,100023,Stewarts Creek Tributaries,Full Delivery,Active,Active,Yadkin,03040101,03040101100010,Surry,Central Piedmont,29.97761647,1305819.74992,19539.2011978,1.0,671,,
671,100045,Burnetts Chapel Phase 2,Full Delivery,Inactive,Long Term Mangement,Cape Fear,03030003,03030003010050,Guilford,Central Piedmont,7.49646404,326544.667537,13086.013504,1.0,672,,
672,100025,Key Mill Site,Full Delivery,Active,Active,Yadkin,03040101,03040101110040,Surry,Central Piedmont,20.81110161,906527.959896,13554.35701,1.0,673,,
673,100078,Wingfoot Riparian Buffer Mitigation Site,Full Delivery,Inactive,Long Term Mangement,Neuse,03020203,03020203070030,Pitt,Northern Inner Coastal Plain,22.31373088,971982.229005,10931.9743718,1.0,674,,
674,100592,Riverbend,Full Delivery,Active,Active,Catawba,03050102,03050102040010,Lincoln,Southern Piedmont,31.91094967,1390040.96768,8590.30394702,1.0,675,,
675,10073, , , , , , , , , ,49.89210807,2173300.22751,6803.43494438,1.0,676,,
676,10012, , , , , , , , , ,0.37337501,16264.2152414,1000.37188164,1.0,677,,
677,100172,Tiger Falls,Full Delivery,Active,Active,Broad,03050105,03050105100010,Cleveland,Southern Piedmont,34.84387269,1517799.09439,18517.8600506,1.0,678,,
679,94687,Crooked Creek #2,Design-Bid-Build,Inactive,Long Term Mangement,Yadkin,03040105,03040105040010,Union,Southern Piedmont,54.63040101,2379700.26799,8737.723439159998,1.0,680,,
680,100049,Groundhog Hollow,Full Delivery,Active,Active,Catawba,03050101,03050101120030,Alexander,Central Piedmont,20.57696074,896332.4096679998,12662.0981898,1.0,681,,
681,92657,Little Warrior,Design-Bid-Build,Inactive,Long Term Mangement,Yadkin,03040101,03040101010110,Wilkes,Northern Mountains,14.74732876,642393.640674,7416.874289049998,1.0,682,,
682,100203,Falcon Site,Full Delivery,Active,Active,Little Tennessee,06010202,06010202020030,Macon,Southern Mountains,15.42007938,671698.65763,15091.3616101,1.0,683,,
683,100639,Big Buffalo,Full Delivery,Active,Active,Cape Fear,03030003,03030003070010,Chatham,Central Piedmont,88.32670584,3847511.30641,40252.6891149,1.0,684,,
684,100628,Buckhead Subdivision,Design-Build,Active,Active,Cape Fear,03030004, ,Cumberland,Southern Inner Coastal Plain,4.42041344,192553.209461,3655.59974684,1.0,685,,
685,100651,Thunder Phase B,Full Delivery,Active,Active,Neuse,03020201,03020201170030,Wayne,Northern Inner Coastal Plain,13.48483256,587399.30614,11509.0640834,1.0,686,,
686,100647,Cow Tail,Full Delivery,Active,Active,Lumber,03040203,03040203190010,Columbus,Southern Inner Coastal Plain,60.3744235,2629909.88769,9761.47407029,1.0,687,,
687,100637,Bluebird,Full Delivery,Active,Active,Cape Fear,03030003,03030003070020,Chatham,Central Piedmont,21.69161862,944886.9071970001,12350.3322591,1.0,688,,
689,100636,Devil's Alley,Full Delivery,Active,Active,Cape Fear,03030003,03030003070010,Chatham,Central Piedmont,23.89837167,1041013.06989,12113.2062929,1.0,690,,
690,100648,Kinlaw,Full Delivery,Active,Active,Cape Fear,03030004,03030004140020,Cumberland,Southern Inner Coastal Plain,29.40688062,1280963.71999,9693.63585707,1.0,691,,
691,100652,Muscadine,Full Delivery,Active,Active,Neuse,03020201,03020201170030,Wayne,Northern Inner Coastal Plain,34.90867721,1520621.97923,11649.1799507,1.0,692,,
692,100597,Casey Creek,Hybrid,Active,Active,Neuse,03020201,03020201170010,Wayne,Northern Inner Coastal Plain,25.09106553,1092966.81456,10438.1419297,1.0,693,,
693,94799,PRMUSACE - HPS&R EPA Settlement,Design-Bid-Build,Inactive,Long Term Mangement,White Oak,03030001,03030001010010,Onslow,Southern Outer Coastal Plain,100.0000794,4356003.4587,9927.15969246,1.0,694,,
694,264,Neu-Con MBI (Alexander),Full Delivery,Inactive,Credit Purchase Complete,Neuse,03020203,03020203050030,Greene,Northern Inner Coastal Plain,22.32089332,972298.113056,5155.70235521,1.0,695,,
695,94798,PRMUSACE - Nucor Steel,Design-Bid-Build,Inactive,Long Term Mangement,Chowan,03010203,03010203010010,Hertford,Northern Outer Coastal Plain,150.39445504,6551182.46154,13248.2644568,1.0,696,,
696,94802,Reed Creek,Design-Bid-Build,Inactive,Long Term Mangement,French Broad,06010105,06010105010010,Buncombe,Southern Mountains,1.32040907,57517.0192225,2248.13012602,1.0,697,,
697,442,UT to West Fork of Deep River (G),Design-Bid-Build,Active,Active,Cape Fear,03030003,03030003010010,Guilford,Central Piedmont,16.62192995,724051.268686,9988.76253529,1.0,698,,
699,100129,PRMUSACE - Holiday Shores,Design-Bid-Build,Inactive,Long Term Mangement,Pasquotank,03010205, ,Dare,Northern Outer Coastal Plain,0.50003694,21781.522047,838.835504753,1.0,700,,
700,100040,Sassarixa Swamp Mitigation Site,Full Delivery,Active,Active,Neuse,03020201,03020201130030,Johnston,Northern Inner Coastal Plain,64.86014585,2825307.95309,28986.8910693,1.0,701,,
701,100026,Horne Creek Tributaries,Full Delivery,Active,Active,Yadkin,03040101,03040101110070,Surry,Central Piedmont,11.85213467,516007.869713,10856.6347663,1.0,702,,
702,100205,Valle Crucis Site,Full Delivery,Active,Active,Watauga,06010103,06010103010010,Watauga,Northern Mountains,13.25230521,577270.414839,10891.2481879,1.0,703,,
703,100646,Angel Farm,Full Delivery,Active,Active,Roanoke,03010104,03010104021020,Caswell,Central Piedmont,20.28144497,883459.74279,10222.0891176,1.0,704,,
704,100623,PRMUSACE - Grey Fox Run,Design-Bid-Build,Inactive,Long Term Mangement,Tar-Pamlico,03020103, ,Pitt,Northern Inner Coastal Plain,3.75725792,163666.15499,1724.20678209,1.0,705,,
705,100131,PRMUSACE - Biltmore Farms,Design-Bid-Build,Inactive,Long Term Mangement,French Broad,06010105, ,Buncombe,Southern Mountains,12.33600412,544512.041227,16142.8618379,1.0,706,,
706,100609,PRMUSACE - William H Holmes IV,Design-Bid-Build,Inactive,Long Term Mangement,Pasquotank,03010205, ,Dare,Northern Outer Coastal Plain,0.32162085,14009.8042172,568.365739932,1.0,707,,
707,100608,PRMUSACE - Charles D Hinson,Design-Bid-Build,Inactive,Long Term Mangement,Pasquotank,03010205, ,Dare,Northern Outer Coastal Plain,0.4454606,7788.34236682,568.292071157,1.0,708,,
708,100148,PRMUSACE - Adams Landing,Design-Bid-Build,Inactive,Long Term Mangement,Pasquotank,03010205, ,Pasquotank,Northern Outer Coastal Plain,22.47277424,978914.046006,15005.342749,1.0,709,,
709,100202,PRMUSACE - Doerr,Design-Bid-Build,Inactive,Long Term Mangement,Pasquotank,03010205, ,Dare,Northern Outer Coastal Plain,0.99469697,43329.0001752,1563.3304423,1.0,710,,
710,100616,PRMUSACE - Oscar Y Rivera,Design-Bid-Build,Inactive,Long Term Mangement,Pasquotank,03010205, ,Dare,Northern Outer Coastal Plain,0.52228016,22750.523792,1396.58056873,1.0,711,,
711,100088,PRMUSACE - 3M Deep River Moncure Site,Design-Bid-Build,Inactive,Long Term Mangement,Cape Fear,03030004, ,Lee,Southern Piedmont,67.69088759,2948615.06348,8571.72924745,1.0,712,,
712,100624,PRMUSACE - Western Dare LLC,Design-Bid-Build,Inactive,Long Term Mangement,Pasquotank,03010205, ,Dare,Northern Outer Coastal Plain,6.5188401,283960.674694,3309.43586935,1.0,713,,
713,100610,PRMUSACE - Julia A Appleget,Design-Bid-Build,Inactive,Long Term Mangement,Pasquotank,03010205, ,Dare,Northern Outer Coastal Plain,0.09585399,4175.39979274,277.674257635,1.0,714,,
714,100611,PRMUSACE - Kinnakeet Shores Lot 1704,Design-Bid-Build,Inactive,Long Term Mangement,Pasquotank,03010205, ,Dare,Northern Outer Coastal Plain,0.328223,14297.3937713,588.011394647,1.0,715,,
715,100618,PRMUSACE - The Villages at Ocean Hill,Design-Bid-Build,Inactive,Long Term Mangement,Pasquotank,03010205, ,Currituck,Northern Outer Coastal Plain,6.94635342,302583.155134,8270.1982135,1.0,716,,
716,100620,PRMUSACE - Carlyle on the Sound 2,Design-Bid-Build,Inactive,Long Term Mangement,Pasquotank,03010205, ,Dare,Northern Outer Coastal Plain,7.12329149,310290.577382,4061.4928368,1.0,717,,
717,100617,PRMUSACE - River's Edge,Design-Bid-Build,Inactive,Long Term Mangement,Pasquotank,03010205, ,Perquimans,Northern Outer Coastal Plain,8.41623618,366611.248206,3514.98402279,1.0,718,,
718,100629,PRMUSACE - Hatteras Kinnakeet Assn at Avon LLC,Design-Bid-Build,Inactive,Long Term Mangement,Pasquotank,03010205, ,Dare,Northern Outer Coastal Plain,0.20000173,8712.075362409998,375.539809046,1.0,719,,
719,100619,PRMUSACE - Carlyle on the Sound,Design-Bid-Build,Inactive,Long Term Mangement,Pasquotank,03010205, ,Dare,Northern Outer Coastal Plain,7.5927847,330741.701654,3917.04008528,1.0,720,,
720,100621,PRMUSACE - Bramble West,Design-Bid-Build,Inactive,Long Term Mangement,Pasquotank,03010205, ,Dare,Northern Outer Coastal Plain,6.16628389,268603.326037,4957.98860491,1.0,721,,
721,100604,PRMUSACE - Kitty Hawk Woods Lot 422,Design-Bid-Build,Inactive,Long Term Mangement,Pasquotank,03010205, ,Dare,Northern Outer Coastal Plain,0.03592573,1564.92472247,176.434362139,1.0,722,,
722,100612,PRMUSACE - Mann's Harbor,Design-Bid-Build,Inactive,Long Term Mangement,Pasquotank,03010205, ,Dare,Northern Outer Coastal Plain,0.6105293,26594.6562227,1021.95387048,1.0,723,,
723,100631,PRMUSACE - Lowe's Home Centers Inc.,Design-Bid-Build,Inactive,Long Term Mangement,Pasquotank,03010205, ,Currituck,Northern Outer Coastal Plain,20.22319427,880922.342587,4417.00030549,1.0,724,,
724,100632,PRMUSACE - Builders Discount Ctr,Design-Bid-Build,Inactive,Long Term Mangement,Neuse,03020204, ,Craven,Southern Outer Coastal Plain,2.65994611,115867.252617,3023.90808498,1.0,725,,
725,100626,PRMUSACE - 1548 Duck Road,Design-Bid-Build,Inactive,Long Term Mangement,Pasquotank,03010205, ,Dare,Northern Outer Coastal Plain,0.08806162,3835.96407222,258.773471535,1.0,726,,
726,100614,PRMUSACE - Panther Creek Cary Park,Design-Bid-Build,Inactive,Long Term Mangement,Neuse,03020201, ,Wake,Central Piedmont,35.8299745,1560854.19044,12021.8234086,1.0,727,,
727,100606,PRMUSACE - Self & Stallings,Design-Bid-Build,Inactive,Long Term Mangement,Pasquotank,03010205, ,Dare,Northern Outer Coastal Plain,0.15816206,6889.53947283,375.719212269,1.0,728,,
728,100641,Golden Hills,Full Delivery,Active,Active,Cape Fear,03030003,03030003010080,Guilford,Central Piedmont,52.14083757,2271254.88466,24125.8388103,1.0,729,,
729,100645,Totten,Full Delivery,Active,Active,Tar-Pamlico,03020101,03020101020010,Granville,Central Piedmont,30.18842398,1315007.74867,7300.10219209,1.0,730,,
730,100151,Middendorf Springs,Full Delivery,Active,Active,Yadkin,03040201,03040201020030,Anson,Southern Piedmont,74.35871697999998,3239065.7117,43902.1379372,1.0,731,,
731,92609,Four Mile Creek - DBB,Design-Bid-Build,Active,Active,Catawba,03050103,03050103020070,Mecklenburg,Southern Piedmont,9.04529624,394013.104169,7820.62078665,1.0,732,,
732,100124,PRMUSACE - Bermuda Bay,Design-Bid-Build,Inactive,Long Term Mangement,Pasquotank,03010205, ,Dare,Northern Outer Coastal Plain,3.09814471,134955.183597,2551.5062157,1.0,733,,
733,100640,Big Bison,Full Delivery,Active,Active,Cape Fear,03030003,03030003020070,Chatham,Central Piedmont,60.75701569,2646575.60337,31184.6542762,1.0,734,,
734,100642,Hunter's Moon,Full Delivery,Active,Active,Cape Fear,03030003,03030003070020,Chatham,Central Piedmont,37.24995143,1622607.88445,17084.280882,1.0,735,,
735,100644,Cannonball,Full Delivery,Active,Active,Catawba,03050102,03050102070020,Gaston,Southern Piedmont,47.62042335,2074345.64133,10146.6916933,1.0,736,,
736,100655,Big Alamance,Full Delivery,Active,Active,Cape Fear,03030002,03030002040010,Guilford,Central Piedmont,25.11062281,1093818.72966,11450.4002027,1.0,737,,
737,100679,Heron Falls,Full Delivery,Active,Active,Catawba,03050101,03050101100030,Caldwell,Northern Mountains,35.13567732,1530510.10402,19628.5010146,1.0,738,,
738,100638,Dirty Boots,Full Delivery,Active,Active,Cape Fear,03030003,03030003070050,Chatham,Central Piedmont,13.8243267,602187.670845,7732.88928438,1.0,739,,
739,100680,Whiskey Jug,Full Delivery,Active,Active,Catawba,03050101,03050101140010,Catawba,Central Piedmont,49.54046731,2157982.75583,14854.5629998,1.0,740,,
740,100643,Mudhoney,Full Delivery,Active,Active,Cape Fear,03030003,03030003070050,Chatham,Central Piedmont,32.04291872,1395789.53938,17000.9092769,1.0,741,,
741,100653,Stoney Creek Wayne Community College Flood Resiliency Project,Full Delivery,Active,Active,Neuse,03020202, ,Wayne,Northern Inner Coastal Plain,12.1725612,530236.765742,3202.51298727,1.0,742,,
742,100627,Providence Flat Swamp Forest,Design-Bid-Build,Active,Active,Catawba,03050101, ,Mecklenburg,Southern Piedmont,17.88365013,779011.7996689999,4225.32327337,1.0,743,,
743,100681,Azalee,Full Delivery,Active,Active,Yadkin,03040201,03040201020030,Anson,Southern Piedmont,25.01382286,1089602.12377,7876.49767088,1.0,744,,
744,100605,PRMUSACE - Skyco Warehouse,Design-Bid-Build,Inactive,Long Term Mangement,Pasquotank,03010205, ,Dare,Northern Outer Coastal Plain,0.56999942,24829.1748542,774.725100922,1.0,745,,
745,100656,Moon Cabin,Full Delivery,Active,Active,Yadkin,03040105,03040105030020,Union,Southern Piedmont,11.15778295,486033.02513,5929.89792481,1.0,746,,
746,100676,Baha Branch,Full Delivery,Active,Active,White Oak,03030001,03030001010030,Onslow,Southern Outer Coastal Plain,39.09534698,1702993.31431,8644.387390179998,1.0,747,,
747,100622,PRMUSACE - Topsail High School Expansion,Design-Bid-Build,Inactive,Long Term Mangement,Cape Fear,03030007, ,Pender,Southern Outer Coastal Plain,25.10337501,1093503.01553,5366.02786396,1.0,748,,
748,100613,PRMUSACE - Mann's Harbor Mashoes Road Gates Property,Design-Bid-Build,Inactive,Long Term Mangement,Pasquotank,03010205, ,Dare,Northern Outer Coastal Plain,0.99975903,43549.5032647,2561.507449,1.0,749,,
749,100630,PRMUSACE - Swan View Shores,Design-Bid-Build,Inactive,Long Term Mangement,Pasquotank,03010205, ,Dare,Northern Outer Coastal Plain,0.97356081,42408.3089037,1637.81930628,1.0,750,,
750,100694,Thunder Rolls,Full Delivery,Active,Active,Neuse,03020201,03020201170050,Wayne,Northern Inner Coastal Plain,11.4620694,499287.743167,8208.33002551,1.0,751,,
751,100678,Hulsey,Full Delivery,Active,Active,Cape Fear,03030004,03030004070010,Moore,Southern Piedmont,35.99526446,1567953.91713,15862.8732999,1.0,752,,
752,100602,PRMUSACE - 3M Rocky River,Design-Bid-Build,Inactive,Long Term Mangement,Cape Fear,03030003, ,Chatham,Central Piedmont,38.60134801,1681474.71924,9638.99751456,1.0,753,,
753,100693,Crazy Diamond,Full Delivery,Active,Active,Yadkin,03040105,03040105081060,Anson,Southern Piedmont,31.65727453,1378990.87844,8226.035129649998,1.0,754,,
